[
  {
    "id" : "hl7.fhir.be.care-coordination",
    "type" : "ImplementationGuide",
    "url" : "https://www.ehealth.fgov.be/standards/fhir/care-coordination/ImplementationGuide/hl7.fhir.be.care-coordination",
    "version" : "0.0.1",
    "name" : "BeCareCoordination"
  },
  {
    "id" : "be-care-plan",
    "type" : "StructureDefinition",
    "url" : "https://www.ehealth.fgov.be/standards/fhir/care-coordination/StructureDefinition/be-care-plan",
    "version" : "0.0.1",
    "name" : "BeCarePlan"
  },
  {
    "id" : "be-careteam",
    "type" : "StructureDefinition",
    "url" : "https://www.ehealth.fgov.be/standards/fhir/care-coordination/StructureDefinition/be-careteam",
    "version" : "0.0.1",
    "name" : "BeCareTeam"
  },
  {
    "id" : "be-communication",
    "type" : "StructureDefinition",
    "url" : "https://www.ehealth.fgov.be/standards/fhir/care-coordination/StructureDefinition/be-communication",
    "version" : "0.0.1",
    "name" : "BeCommunication"
  },
  {
    "id" : "be-model-careplan",
    "type" : "StructureDefinition",
    "url" : "https://www.ehealth.fgov.be/standards/fhir/care-coordination/StructureDefinition/be-model-careplan",
    "version" : "0.0.1",
    "name" : "BeModelCarePlan"
  },
  {
    "id" : "be-model-careteam",
    "type" : "StructureDefinition",
    "url" : "https://www.ehealth.fgov.be/standards/fhir/care-coordination/StructureDefinition/be-model-careteam",
    "version" : "0.0.1",
    "name" : "BeModelCareTeam"
  },
  {
    "id" : "be-model-communication",
    "type" : "StructureDefinition",
    "url" : "https://www.ehealth.fgov.be/standards/fhir/care-coordination/StructureDefinition/be-model-communication",
    "version" : "0.0.1",
    "name" : "BeModelCommunication"
  }
]
