{
  "package": "hl7.fhir.be.care-coordination",
  "version": "0.0.1",
  "fhirVersion": "4.0.1",
  "jurisdiction": "BE",
  "extensions": [],
  "profiles": {
    "CarePlan": [
      {
        "url": "https://www.ehealth.fgov.be/standards/fhir/care-coordination/StructureDefinition/be-care-plan",
        "title": "Care Plan"
      }
    ],
    "CareTeam": [
      {
        "url": "https://www.ehealth.fgov.be/standards/fhir/care-coordination/StructureDefinition/be-careteam",
        "title": "Care Team"
      }
    ],
    "Communication": [
      {
        "url": "https://www.ehealth.fgov.be/standards/fhir/care-coordination/StructureDefinition/be-communication",
        "title": "Communication"
      }
    ]
  },
  "usage": {
    "http://hl7.org/fhir/StructureDefinition/elementdefinition-bestpractice": [
      "StructureDefinition.snapshot.element.constraint"
    ],
    "http://hl7.org/fhir/StructureDefinition/elementdefinition-bestpractice-explanation": [
      "StructureDefinition.snapshot.element.constraint"
    ],
    "http://hl7.org/fhir/StructureDefinition/elementdefinition-bindingName": [
      "StructureDefinition.snapshot.element.binding"
    ],
    "http://hl7.org/fhir/StructureDefinition/elementdefinition-maxValueSet": [
      "StructureDefinition.snapshot.element.binding"
    ],
    "http://hl7.org/fhir/StructureDefinition/structuredefinition-fhir-type": [
      "StructureDefinition.snapshot.element.type"
    ],
    "http://hl7.org/fhir/StructureDefinition/structuredefinition-hierarchy": [
      "StructureDefinition.differential.element.type",
      "StructureDefinition.snapshot.element.type"
    ],
    "http://hl7.org/fhir/tools/StructureDefinition/ig-internal-dependency": [
      "ImplementationGuide.definition"
    ],
    "http://hl7.org/fhir/tools/StructureDefinition/ig-page-name": [
      "ImplementationGuide.definition.page",
      "ImplementationGuide.definition.page.page"
    ],
    "http://hl7.org/fhir/tools/StructureDefinition/ig-parameter": [
      "ImplementationGuide.definition"
    ],
    "http://hl7.org/fhir/tools/StructureDefinition/implementationguide-dependency-comment": [
      "ImplementationGuide.dependsOn"
    ],
    "http://hl7.org/fhir/tools/StructureDefinition/resource-information": [
      "ImplementationGuide.definition.resource"
    ]
  }
}