{
  "codeSystems" : [
    {
      "url" : "http://hl7.org/fhir/CodeSystem/task-code",
      "version" : "4.0.1",
      "status" : "active",
      "name" : "TaskCode",
      "title" : "Task Codes",
      "description" : "Codes indicating the type of action that is expected to be performed",
      "oids" : ["2.16.840.1.113883.4.642.4.1397"],
      "uses" : {
      },
      "http://hl7.org/fhir/R4/valueset-task-code.html" : "Task Codes"
    },
    {
      "url" : "http://hl7.org/fhir/care-plan-activity-status",
      "version" : "4.0.1",
      "status" : "draft",
      "name" : "CarePlanActivityStatus",
      "title" : "CarePlanActivityStatus",
      "description" : "Codes that reflect the current state of a care plan activity within its overall life cycle.",
      "oids" : ["2.16.840.1.113883.4.642.4.147"],
      "uses" : {
      },
      "http://hl7.org/fhir/R4/valueset-care-plan-activity-status.html" : "CarePlanActivityStatus"
    },
    {
      "url" : "http://hl7.org/fhir/care-team-status",
      "version" : "4.0.1",
      "status" : "draft",
      "name" : "CareTeamStatus",
      "title" : "CareTeamStatus",
      "description" : "Indicates the status of the care team.",
      "oids" : ["2.16.840.1.113883.4.642.4.154"],
      "uses" : {
      },
      "http://hl7.org/fhir/R4/valueset-care-team-status.html" : "CareTeamStatus"
    },
    {
      "url" : "http://hl7.org/fhir/goal-status",
      "version" : "4.0.1",
      "status" : "draft",
      "name" : "GoalLifecycleStatus",
      "title" : "GoalLifecycleStatus",
      "description" : "Codes that reflect the current state of a goal and whether the goal is still being targeted.",
      "oids" : ["2.16.840.1.113883.4.642.4.272"],
      "uses" : {
      },
      "http://hl7.org/fhir/R4/valueset-goal-status.html" : "GoalLifecycleStatus"
    },
    {
      "url" : "http://hl7.org/fhir/request-intent",
      "version" : "4.0.1",
      "status" : "draft",
      "name" : "RequestIntent",
      "title" : "RequestIntent",
      "description" : "Codes indicating the degree of authority/intentionality associated with a request.",
      "oids" : ["2.16.840.1.113883.4.642.4.114"],
      "uses" : {
      },
      "http://hl7.org/fhir/R4/valueset-care-plan-intent.html" : "Care Plan Intent",
      "http://hl7.org/fhir/R4/valueset-task-intent.html" : "TaskIntent"
    },
    {
      "url" : "http://hl7.org/fhir/request-priority",
      "version" : "4.0.1",
      "status" : "draft",
      "name" : "RequestPriority",
      "title" : "RequestPriority",
      "description" : "Identifies the level of importance to be assigned to actioning the request.",
      "oids" : ["2.16.840.1.113883.4.642.4.116"],
      "uses" : {
      },
      "http://hl7.org/fhir/R4/valueset-request-priority.html" : "Request priority"
    },
    {
      "url" : "http://hl7.org/fhir/request-status",
      "version" : "4.0.1",
      "status" : "draft",
      "name" : "RequestStatus",
      "title" : "RequestStatus",
      "description" : "Codes identifying the lifecycle stage of a request.",
      "oids" : ["2.16.840.1.113883.4.642.4.112"],
      "uses" : {
      },
      "http://hl7.org/fhir/R4/valueset-request-status.html" : "RequestStatus"
    },
    {
      "url" : "http://hl7.org/fhir/resource-types",
      "version" : "4.0.1",
      "status" : "active",
      "name" : "ResourceType",
      "title" : "ResourceType",
      "description" : "One of the resource types defined as part of this version of FHIR.",
      "uses" : {
      },
      "http://hl7.org/fhir/R4/valueset-care-plan-activity-kind.html" : "Care Plan Activity Kind"
    },
    {
      "url" : "http://hl7.org/fhir/task-intent",
      "version" : "4.0.1",
      "status" : "draft",
      "name" : "TaskIntent",
      "title" : "TaskIntent",
      "description" : "Distinguishes whether the task is a proposal, plan or full order.",
      "oids" : ["2.16.840.1.113883.4.642.4.1241"],
      "uses" : {
      },
      "http://hl7.org/fhir/R4/valueset-task-intent.html" : "TaskIntent"
    },
    {
      "url" : "http://hl7.org/fhir/task-status",
      "version" : "4.0.1",
      "status" : "draft",
      "name" : "TaskStatus",
      "title" : "TaskStatus",
      "description" : "The current status of the task.",
      "oids" : ["2.16.840.1.113883.4.642.4.791"],
      "uses" : {
      },
      "http://hl7.org/fhir/R4/valueset-task-status.html" : "TaskStatus"
    },
    {
      "url" : "http://loinc.org",
      "version" : "3.1.0",
      "status" : "active",
      "name" : "LOINC",
      "title" : "Logical Observation Identifiers, Names and Codes (LOINC)",
      "description" : "LOINC provides a set of universal names and ID codes for identifying laboratory and clinical test results.1,2 LOINC facilitates the exchange and pooling of results, such as blood hemoglobin, serum potassium, or vital signs, for clinical care, outcomes management, and research. LOINC's universal identifiers (names and codes) can be used in the context of order and observation exchanges between information systems that use syntax standards such as HL73, CEN TC251, ISO TC215, ASTM4, and DICOM. Specifically, the identifier can be used as the coded value for an observation in any other standard that uses the observation/observation value paradigm, whether messages, documents, application programming interface (API), etc. For example, LOINC codes are used widely in the OBX segment Observation Identifier field (OBX-3) of an ORU HL7 (HL7 version 2.x or ASTM 1238-9410) message that may be sent between a Clinical Laboratory Information Management Systems (LIMS) and Electronic Health Record Systems (EHR).5, 6 In this way, LOINC codes provide universal identifiers that allow the exchange of clinical data between heterogeneous computing environments.",
      "oids" : ["2.16.840.1.113883.6.1"],
      "uses" : {
      },
      "http://hl7.org/fhir/R4/valueset-care-team-category.html" : "Care Team category",
      "http://hl7.org/fhir/R4/valueset-observation-codes.html" : "LOINC Codes"
    },
    {
      "url" : "http://snomed.info/sct",
      "version" : null,
      "status" : "active",
      "name" : "SNOMED_CT",
      "title" : "SNOMED CT (all versions)",
      "description" : "SNOMED CT is the most comprehensive and precise clinical health terminology product in the world, owned and distributed around the world by The International Health Terminology Standards Development Organisation (IHTSDO).",
      "oids" : ["2.16.840.1.113883.6.96"],
      "uses" : {
      },
      "http://hl7.org/fhir/R4/valueset-care-plan-activity-outcome.html" : "Care Plan Activity Outcome",
      "http://hl7.org/fhir/R4/valueset-clinical-findings.html" : "SNOMED CT Clinical Findings",
      "http://hl7.org/fhir/R4/valueset-participant-role.html" : "Participant Roles",
      "http://hl7.org/fhir/R4/valueset-performer-role.html" : "Procedure Performer Role Codes",
      "http://hl7.org/fhir/R4/valueset-procedure-code.html" : "Procedure Codes (SNOMED CT)",
      "http://hl7.org/fhir/R4/valueset-care-plan-category.html" : "Care Plan Category",
      "http://hl7.org/fhir/R4/valueset-goal-start-event.html" : "Goal start event",
      "http://hl7.org/fhir/R4/valueset-medication-codes.html" : "SNOMED CT Medication Codes"
    },
    {
      "url" : "http://terminology.hl7.org/CodeSystem/goal-achievement",
      "version" : "1.0.1",
      "status" : "active",
      "name" : "GoalAchievementStatus",
      "title" : "Goal achievement status",
      "description" : "Describes the progression, or lack thereof, towards the goal against the target.",
      "oids" : ["2.16.840.1.113883.4.642.1.1375"],
      "uses" : {
      },
      "http://hl7.org/fhir/R4/valueset-goal-achievement.html" : "Goal achievement status"
    },
    {
      "url" : "http://terminology.hl7.org/CodeSystem/goal-category",
      "version" : "2.0.0",
      "status" : "active",
      "name" : "GoalCategory",
      "title" : "Goal category",
      "description" : "Codes for grouping goals to use for filtering or presentation.",
      "oids" : ["2.16.840.1.113883.4.642.1.1097"],
      "uses" : {
      },
      "http://hl7.org/fhir/R4/valueset-goal-category.html" : "Goal category"
    },
    {
      "url" : "http://terminology.hl7.org/CodeSystem/goal-priority",
      "version" : "1.0.1",
      "status" : "active",
      "name" : "GoalPriority",
      "title" : "Goal priority",
      "description" : "Indicates the level of importance associated with reaching or sustaining a goal.",
      "oids" : ["2.16.840.1.113883.4.642.1.1096"],
      "uses" : {
      },
      "http://hl7.org/fhir/R4/valueset-goal-priority.html" : "Goal priority"
    },
    {
      "url" : "urn:ietf:bcp:47",
      "version" : "2.0.1",
      "status" : "active",
      "name" : "Ietf3066",
      "title" : "Tags for the Identification of Languages",
      "description" : "Older value from OID registry.  Superceded; see recommendations in BCP-47.",
      "oids" : ["2.16.840.1.113883.6.121"],
      "uses" : {
      },
      "http://hl7.org/fhir/R4/valueset-languages.html" : "Common Languages"
    }
  ]
}
