{
  "package": "hl7.fhir.be.patient-care",
  "version": "0.0.1",
  "fhirVersion": "4.0.1",
  "jurisdiction": "BE",
  "extensions": [],
  "profiles": {
    "CarePlan": [
      {
        "url": "https://www.ehealth.fgov.be/standards/fhir/patient-care/StructureDefinition/be-care-plan",
        "title": "BECarePlan"
      }
    ],
    "CareTeam": [
      {
        "url": "https://www.ehealth.fgov.be/standards/fhir/patient-care/StructureDefinition/be-careteam",
        "title": "BeCareTeam"
      }
    ],
    "Goal": [
      {
        "url": "https://www.ehealth.fgov.be/standards/fhir/patient-care/StructureDefinition/be-goal",
        "title": "BeGoal"
      }
    ],
    "Task": [
      {
        "url": "https://www.ehealth.fgov.be/standards/fhir/patient-care/StructureDefinition/be-task",
        "title": "BeTask"
      }
    ]
  },
  "usage": {
    "http://hl7.org/fhir/StructureDefinition/elementdefinition-bestpractice": [
      "StructureDefinition.snapshot.element.constraint"
    ],
    "http://hl7.org/fhir/StructureDefinition/elementdefinition-bestpractice-explanation": [
      "StructureDefinition.snapshot.element.constraint"
    ],
    "http://hl7.org/fhir/StructureDefinition/elementdefinition-bindingName": [
      "StructureDefinition.snapshot.element.binding"
    ],
    "http://hl7.org/fhir/StructureDefinition/elementdefinition-maxValueSet": [
      "StructureDefinition.snapshot.element.binding"
    ],
    "http://hl7.org/fhir/StructureDefinition/structuredefinition-fhir-type": [
      "StructureDefinition.snapshot.element.type"
    ],
    "http://hl7.org/fhir/StructureDefinition/structuredefinition-hierarchy": [
      "StructureDefinition.differential.element.type",
      "StructureDefinition.snapshot.element.type"
    ],
    "http://hl7.org/fhir/StructureDefinition/task-candidateList": [
      "Task"
    ],
    "http://hl7.org/fhir/StructureDefinition/valueset-reference": [
      "be-model-task"
    ],
    "http://hl7.org/fhir/tools/StructureDefinition/ig-internal-dependency": [
      "ImplementationGuide.definition"
    ],
    "http://hl7.org/fhir/tools/StructureDefinition/ig-page-name": [
      "ImplementationGuide.definition.page",
      "ImplementationGuide.definition.page.page"
    ],
    "http://hl7.org/fhir/tools/StructureDefinition/ig-parameter": [
      "ImplementationGuide.definition"
    ],
    "http://hl7.org/fhir/tools/StructureDefinition/implementationguide-dependency-comment": [
      "ImplementationGuide.dependsOn"
    ],
    "http://hl7.org/fhir/tools/StructureDefinition/resource-information": [
      "ImplementationGuide.definition.resource"
    ],
    "http://hl7.org/fhir/tools/StructureDefinition/snapshot-base-version": [
      "StructureDefinition.snapshot"
    ]
  }
}